[
	{
		"model": "auth.user",
		"pk": 1,
		"fields": {
			"username": "garneau1",
			"first_name": "François",
			"last_name": "Xavier-Garneau",
			"email": "fgx@educegepgarneau.ca",
			"password": "pbkdf2_sha256$260000$PX4al7g5lLhMuOXpOmTJ5Y$7U+8GL50W7ZKyvjjq+JqITd48jlg0PYGD6rtOwTGhjA=",
			"is_active": "True"
		}
	},
	{
		"model": "auth.user",
		"pk": 2,
		"fields": {
			"username": "garneau2",
			"first_name": "Guylaine",
			"last_name": "Morin",
			"email": "gmorin@educegepgarneau.ca",
			"password": "pbkdf2_sha256$260000$PX4al7g5lLhMuOXpOmTJ5Y$7U+8GL50W7ZKyvjjq+JqITd48jlg0PYGD6rtOwTGhjA=",
			"is_active": "True"
		}
	},
	{
		"model": "auth.user",
		"pk": 3,
		"fields": {
			"username": "garneau3",
			"first_name": "Clément",
			"last_name": "Tremblay",
			"email": "ctremblay@educegepgarneau.ca",
			"password": "pbkdf2_sha256$260000$PX4al7g5lLhMuOXpOmTJ5Y$7U+8GL50W7ZKyvjjq+JqITd48jlg0PYGD6rtOwTGhjA=",
			"is_active": "True"
		}
	},
	{
		"model": "auth.user",
		"pk": 4,
		"fields": {
			"username": "communo_manager",
			"first_name": "communo_manager",
			"last_name": "communo_manager",
			"email": "communostaff@live.ca",
			"password": "pbkdf2_sha256$260000$TD8CwXKbK3ZK827Z4PHna0$FC/2L2g2rCmnXuN5k85JywDaq7/8BEBv11GTqjJ2V68=",
			"is_active": "True",
			"is_superuser": "True",
			"is_staff": "True"
		}
	},
	{
		"model": "userinfo.userinfo",
		"pk": 4,
		"fields": {
			"profile_is_completed": "True",
			"first_name": "communo_manager",
			"last_name": "communo_manager",
			"email": "communostaff@live.ca",
			"nb_services_received": 0,
			"nb_services_given": 0,
			"avg_rating_as_employee": 0,
			"nb_rating_as_employe": 0,
			"avg_rating_as_employer": 0,
			"nb_rating_as_employer": 0,
			"user_id_id": 4,
			"is_online": "False"
		}
	},
	{
		"model": "offer.servicetype",
		"pk": 1,
		"fields": { "name": "Gardiennage" }
	},
	{
		"model": "offer.servicetype",
		"pk": 2,
		"fields": { "name": "Administration" }
	},
	{
		"model": "offer.servicetype",
		"pk": 3,
		"fields": { "name": "Déneigement" }
	},
	{
		"model": "offer.servicetype",
		"pk": 4,
		"fields": { "name": "Tonte de pelouse" }
	},
	{
		"model": "offer.offer",
		"pk": 1,
		"fields": {
			"user": 1,
			"type_service": "Tonte de pelouse",
			"description": "Service rapide et professionnel.",
			"hourly_rate": "12.50",
			"max_distance": 2,
			"date_added": "2020-09-20"
		}
	},
	{
		"model": "offer.offer",
		"pk": 2,
		"fields": {
			"user": 1,
			"type_service": "Tonte de pelouse",
			"description": "Rapide et efficace.",
			"hourly_rate": "50",
			"max_distance": 2,
			"date_added": "2020-05-05"
		}
	},
	{
		"model": "offer.offer",
		"pk": 3,
		"fields": {
			"user": 1,
			"type_service": "Gardiennage",
			"description": "Maximum 3 enfants.",
			"hourly_rate": "12.50",
			"max_distance": 4,
			"date_added": "2020-09-20"
		}
	},
	{
		"model": "offer.offer",
		"pk": 4,
		"fields": {
			"user": 2,
			"type_service": "Déneigement",
			"description": "Les escaliers extérieurs peuvent être inclus.",
			"hourly_rate": "15.75",
			"max_distance": 4,
			"date_added": "2020-12-20"
		}
	},
	{
		"model": "offer.offer",
		"pk": 5,
		"fields": {
			"user": 2,
			"type_service": "Déneigement",
			"description": "La pelle doit être fournie par le client.",
			"hourly_rate": "15.75",
			"max_distance": 4,
			"date_added": "2020-12-20"
		}
	},
	{
		"model": "offer.offer",
		"pk": 6,
		"fields": {
			"user": 2,
			"type_service": "Déneigement",
			"description": "",
			"hourly_rate": "15.75",
			"max_distance": 4,
			"date_added": "2020-12-20"
		}
	},
	{
		"model": "userinfo.userinfo",
		"pk": 1,
		"fields": {
			"user_id": 1,
			"is_online": false,
			"profile_is_completed": false,
			"first_name": "François",
			"last_name": "Xavier-Garneau",
			"email": "fgx@educegepgarneau.ca",
			"nb_services_received": 45,
			"nb_services_given": 54,
			"avg_rating_as_employee": 9.5,
			"nb_rating_as_employe": 34,
			"avg_rating_as_employer": 8.98,
			"nb_rating_as_employer": 23,
			"user_bio": "Blablablabla1",
			"location_lat": "79.467565",
			"location_lon": "70.463679",
			"address": "2460 Chem. Royal, Sainte-Famille"
		}
	},
	{
		"model": "userinfo.userinfo",
		"pk": 2,
		"fields": {
			"user_id": 2,
			"is_online": false,
			"profile_is_completed": false,
			"first_name": "Guylaine",
			"last_name": "Morin",
			"email": "gmorin@educegepgarneau.ca",
			"nb_services_received": 123,
			"nb_services_given": 12,
			"avg_rating_as_employee": 8.86,
			"nb_rating_as_employe": 34,
			"avg_rating_as_employer": 6.98,
			"nb_rating_as_employer": 23,
			"user_bio": "Blablablabla1",
			"location_lat": "79.467565",
			"location_lon": "70.463679",
			"address": "2325 Rue de l'Université, Québec"
		}
	},
	{
		"model": "userinfo.userinfo",
		"pk": 3,
		"fields": {
			"user_id": 3,
			"is_online": false,
			"profile_is_completed": false,
			"first_name": "Clément",
			"last_name": "Tremblay",
			"email": "ctremblay@educegepgarneau.ca",
			"nb_services_received": 13,
			"nb_services_given": 21,
			"avg_rating_as_employee": 4.56,
			"nb_rating_as_employe": 35,
			"avg_rating_as_employer": 4.98,
			"nb_rating_as_employer": 7,
			"user_bio": "Blablablabla1",
			"location_lat": "79.467565",
			"location_lon": "70.463679",
			"address": "1660 Bd de l'Entente, Québec"
		}
	},
	{
		"model": "auth.user",
		"pk": 2,
		"fields": {
			"username": "garneau2",
			"first_name": "Guylaine",
			"last_name": "Morin",
			"email": "gmorin@educegepgarneau.ca",
			"password": "pbkdf2_sha256$260000$PX4al7g5lLhMuOXpOmTJ5Y$7U+8GL50W7ZKyvjjq+JqITd48jlg0PYGD6rtOwTGhjA=",
			"is_active": "True"
		}
	},
	{
		"model": "auth.user",
		"pk": 3,
		"fields": {
			"username": "garneau3",
			"first_name": "Clément",
			"last_name": "Tremblay",
			"email": "ctremblay@educegepgarneau.ca",
			"password": "pbkdf2_sha256$260000$PX4al7g5lLhMuOXpOmTJ5Y$7U+8GL50W7ZKyvjjq+JqITd48jlg0PYGD6rtOwTGhjA=",
			"is_active": "True"
		}
	},
	{
		"model": "offer.offer",
		"pk": 1,
		"fields": {
			"user": 1,
			"type_service": "Tonte de pelouse",
			"description": "Service rapide et professionnel.",
			"hourly_rate": "12.50",
			"max_distance": 2,
			"date_added": "2020-09-20",
			"monday": true,
			"tuesday": true,
			"wednesday": true,
			"thursday": true,
			"friday": true,
			"saturday": true,
			"sunday": true,
			"expiration_date": "2021-12-20"
		}
	},
	{
		"model": "offer.offer",
		"pk": 2,
		"fields": {
			"user": 1,
			"type_service": "Tonte de pelouse",
			"description": "Rapide et efficace.",
			"hourly_rate": "50",
			"max_distance": 2,
			"date_added": "2020-05-05",
			"friday": true,
			"saturday": true,
			"expiration_date": "2021-12-20"
		}
	},
	{
		"model": "offer.offer",
		"pk": 3,
		"fields": {
			"user": 1,
			"type_service": "Gardiennage",
			"description": "Maximum 3 enfants.",
			"hourly_rate": "12.50",
			"max_distance": 4,
			"date_added": "2020-09-20",
			"wednesday": true,
			"expiration_date": "2021-12-20"
		}
	},
	{
		"model": "offer.offer",
		"pk": 4,
		"fields": {
			"user": 2,
			"type_service": "Déneigement",
			"description": "Les escaliers extérieurs peuvent être inclus.",
			"hourly_rate": "15.75",
			"max_distance": 4,
			"date_added": "2020-12-20",
			"wednesday": true,
			"sunday": true,
			"expiration_date": "2021-12-20"
		}
	},
	{
		"model": "offer.offer",
		"pk": 5,
		"fields": {
			"user": 2,
			"type_service": "Déneigement",
			"description": "La pelle doit être fournie par le client.",
			"hourly_rate": "15.75",
			"max_distance": 4,
			"date_added": "2020-12-20",
			"saturday": true,
			"expiration_date": "2021-12-20"
		}
	},
	{
		"model": "offer.offer",
		"pk": 6,
		"fields": {
			"user": 2,
			"type_service": "Déneigement",
			"description": "",
			"hourly_rate": "15.75",
			"max_distance": 4,
			"date_added": "2020-12-20",
			"saturday": true,
			"expiration_date": "2021-12-20"
		}
	},
	{
		"model": "offer.offer",
		"pk": 7,
		"fields": {
			"user": 1,
			"type_service": "Tonte de pelouse",
			"description": "À toute épreuve.",
			"hourly_rate": "16.75",
			"max_distance": 14,
			"date_added": "2020-12-20",
			"monday": true,
			"thursday": true,
			"saturday": true,
			"expiration_date": "2021-11-20"
		}
	},
	{
		"model": "offer.offer",
		"pk": 8,
		"fields": {
			"user": 1,
			"type_service": "Gardiennage",
			"description": "Abordable.",
			"hourly_rate": "12.25",
			"max_distance": 8,
			"date_added": "2020-12-20",
			"monday": true,
			"tuesday": true,
			"thursday": true,
			"expiration_date": "2021-10-08"
		}
	},
	{
		"model": "offer.offer",
		"pk": 9,
		"fields": {
			"user": 2,
			"type_service": "Gardiennage",
			"description": "Service de qualité.",
			"hourly_rate": "18.50",
			"max_distance": 24,
			"date_added": "2020-12-20",
			"wednesday": true,
			"thursday": true,
			"expiration_date": "2021-12-24"
		}
	},
	{
		"model": "offer.offer",
		"pk": 10,
		"fields": {
			"user": 2,
			"type_service": "Gardiennage",
			"description": "",
			"hourly_rate": "11",
			"max_distance": 7,
			"date_added": "2020-12-20",
			"monday": true,
			"tuesday": true,
			"wednesday": true,
			"thursday": true,
			"expiration_date": "2021-10-29"
		}
	},
	{
		"model": "offer.activeoffer",
		"pk": 1,
		"fields": {
			"id_user": 1,
			"id_offer": 1
		}
	},
	{
		"model": "offer.activeoffer",
		"pk": 2,
		"fields": {
			"id_user": 1,
			"id_offer": 2
		}
	},
	{
		"model": "offer.activeoffer",
		"pk": 3,
		"fields": {
			"id_user": 1,
			"id_offer": 3
		}
	},
	{
		"model": "offer.activeoffer",
		"pk": 4,
		"fields": {
			"id_user": 2,
			"id_offer": 4
		}
	},
	{
		"model": "offer.activeoffer",
		"pk": 5,
		"fields": {
			"id_user": 2,
			"id_offer": 5
		}
	},
	{
		"model": "offer.activeoffer",
		"pk": 6,
		"fields": {
			"id_user": 2,
			"id_offer": 6
		}
	},
	{
		"model": "offer.activeoffer",
		"pk": 7,
		"fields": {
			"id_user": 1,
			"id_offer": 7
		}
	},
	{
		"model": "offer.activeoffer",
		"pk": 8,
		"fields": {
			"id_user": 2,
			"id_offer": 9
		}
	},
	{
		"model": "offer.reservedoffer",
		"pk": 1,
		"fields": {
			"id_user": 1,
			"id_offer": 7,
			"id_active_offer": 7,
			"id_recruiter": 2,
			"reservation_date": "2021-11-08"
		}
	},
	{
		"model": "offer.reservedoffer",
		"pk": 2,
		"fields": {
			"id_user": 2,
			"id_offer": 9,
			"id_active_offer": 8,
			"id_recruiter": 1,
			"reservation_date": "2021-12-08"
		}
	},
	{
		"model": "offer.terminatedoffer",
		"pk": 1,
		"fields": {
			"id_user": 2,
			"id_offer": 10,
			"id_active_offer": null,
			"id_recruiter": 1,
			"completed_date": "2021-10-26",
			"status": 1,
			"rating": 0
		}
	},
	{
		"model": "offer.terminatedoffer",
		"pk": 2,
		"fields": {
			"id_user": 1,
			"id_offer": 8,
			"id_active_offer": null,
			"id_recruiter": 2,
			"completed_date": "2021-10-28",
			"status": 0,
			"rating": 9.5
		}
	},
	{
		"model": "offer.terminatedoffer",
		"pk": 3,
		"fields": {
			"id_user": 1,
			"id_offer": 7,
			"id_active_offer": 7,
			"id_recruiter": 2,
			"completed_date": null,
			"status": 2,
			"rating": null
		}
	}
]
