[{
        "model": "auth.user",
        "pk": 1,
        "fields": {
            "first_name": "Jimenez",
            "last_name": "Deleon",
            "username": "DelJim",
            "email": "jimenezdeleon@cytrex.com",
            "password": "pbkdf2_sha256$260000$PX4al7g5lLhMuOXpOmTJ5Y$7U+8GL50W7ZKyvjjq+JqITd48jlg0PYGD6rtOwTGhjA=",
            "is_active": true
        }
    },
    {
        "model": "userinfo.userinfo",
        "pk": 1,
        "fields": {
            "user_id": 1,
            "is_online": false,
            "profile_is_completed": true,
            "first_name": "Jimenez",
            "last_name": "Deleon",
            "email": "jimenezdeleon@cytrex.com",
            "nb_services_received": 0,
            "nb_services_given": 0,
            "avg_rating_as_employee": 0,
            "nb_rating_as_employe": 0,
            "avg_rating_as_employer": 0,
            "nb_rating_as_employer": 0,
            "user_bio": "Laborum adipisicing voluptate voluptate nostrud proident excepteur aliquip. Aliquip laborum laboris elit ullamco dolore duis et ullamco incididunt magna. Ea consectetur ipsum sint non et tempor laboris aliqua deserunt. Adipisicing cillum tempor duis sunt ex cupidatat ut qui anim eu mollit. Sit cillum do est consequat. Incididunt commodo veniam ipsum voluptate.\r\n",
            "location_lat": 46.79098,
            "location_lon": -71.321369,
            "address": "laborum Lorem ea aliqua ullamco"
        }
    },
    {
        "model": "auth.user",
        "pk": 2,
        "fields": {
            "first_name": "Rose",
            "last_name": "Roberts",
            "username": "RobRos",
            "email": "roseroberts@cytrex.com",
            "password": "pbkdf2_sha256$260000$PX4al7g5lLhMuOXpOmTJ5Y$7U+8GL50W7ZKyvjjq+JqITd48jlg0PYGD6rtOwTGhjA=",
            "is_active": true
        }
    },
    {
        "model": "userinfo.userinfo",
        "pk": 2,
        "fields": {
            "user_id": 2,
            "is_online": false,
            "profile_is_completed": true,
            "first_name": "Rose",
            "last_name": "Roberts",
            "email": "roseroberts@cytrex.com",
            "nb_services_received": 0,
            "nb_services_given": 0,
            "avg_rating_as_employee": 0,
            "nb_rating_as_employe": 0,
            "avg_rating_as_employer": 0,
            "nb_rating_as_employer": 0,
            "user_bio": "Id qui ipsum ullamco consequat do commodo consequat magna sit minim ea elit. Exercitation aliquip minim cillum anim dolore velit. Excepteur proident duis mollit ex laborum minim ex veniam id laborum Lorem adipisicing minim. Pariatur culpa amet duis ullamco. Nulla dolor sunt non irure ea commodo aute cupidatat. Deserunt velit do exercitation elit quis ad reprehenderit duis anim. Non quis incididunt quis eu adipisicing labore proident sit pariatur magna incididunt reprehenderit.\r\n",
            "location_lat": 46.788143,
            "location_lon": -71.30389,
            "address": "eiusmod ut duis do occaecat"
        }
    },
    {
        "model": "auth.user",
        "pk": 3,
        "fields": {
            "first_name": "Terry",
            "last_name": "Good",
            "username": "GooTer",
            "email": "terrygood@cytrex.com",
            "password": "pbkdf2_sha256$260000$PX4al7g5lLhMuOXpOmTJ5Y$7U+8GL50W7ZKyvjjq+JqITd48jlg0PYGD6rtOwTGhjA=",
            "is_active": true
        }
    },
    {
        "model": "userinfo.userinfo",
        "pk": 3,
        "fields": {
            "user_id": 3,
            "is_online": false,
            "profile_is_completed": true,
            "first_name": "Terry",
            "last_name": "Good",
            "email": "terrygood@cytrex.com",
            "nb_services_received": 0,
            "nb_services_given": 0,
            "avg_rating_as_employee": 0,
            "nb_rating_as_employe": 0,
            "avg_rating_as_employer": 0,
            "nb_rating_as_employer": 0,
            "user_bio": "Enim occaecat pariatur eiusmod qui tempor minim. Fugiat incididunt ullamco est in culpa exercitation irure ad. Velit ut reprehenderit eu sunt aliquip et et. Reprehenderit id eiusmod tempor proident aliquip cillum. Est aliquip aliquip elit nulla aute ex excepteur labore cillum ea sint ad veniam. Reprehenderit est consequat consequat nostrud nulla amet fugiat.\r\n",
            "location_lat": 46.791734,
            "location_lon": -71.28834,
            "address": "tempor Lorem aliqua deserunt eu"
        }
    },
    {
        "model": "auth.user",
        "pk": 4,
        "fields": {
            "first_name": "Abby",
            "last_name": "Rivas",
            "username": "RivAbb",
            "email": "abbyrivas@cytrex.com",
            "password": "pbkdf2_sha256$260000$PX4al7g5lLhMuOXpOmTJ5Y$7U+8GL50W7ZKyvjjq+JqITd48jlg0PYGD6rtOwTGhjA=",
            "is_active": true
        }
    },
    {
        "model": "userinfo.userinfo",
        "pk": 4,
        "fields": {
            "user_id": 4,
            "is_online": false,
            "profile_is_completed": true,
            "first_name": "Abby",
            "last_name": "Rivas",
            "email": "abbyrivas@cytrex.com",
            "nb_services_received": 0,
            "nb_services_given": 0,
            "avg_rating_as_employee": 0,
            "nb_rating_as_employe": 0,
            "avg_rating_as_employer": 0,
            "nb_rating_as_employer": 0,
            "user_bio": "Ullamco proident aliqua reprehenderit veniam amet ex quis nulla. Tempor quis aliquip quis dolor tempor proident. Excepteur quis enim magna voluptate sint minim sint pariatur cillum et labore.\r\n",
            "location_lat": 46.796193,
            "location_lon": -71.30146,
            "address": "in dolor consequat quis sint"
        }
    },
    {
        "model": "auth.user",
        "pk": 5,
        "fields": {
            "first_name": "Deanne",
            "last_name": "Sharp",
            "username": "ShaDea",
            "email": "deannesharp@cytrex.com",
            "password": "pbkdf2_sha256$260000$PX4al7g5lLhMuOXpOmTJ5Y$7U+8GL50W7ZKyvjjq+JqITd48jlg0PYGD6rtOwTGhjA=",
            "is_active": true
        }
    },
    {
        "model": "userinfo.userinfo",
        "pk": 5,
        "fields": {
            "user_id": 5,
            "is_online": false,
            "profile_is_completed": true,
            "first_name": "Deanne",
            "last_name": "Sharp",
            "email": "deannesharp@cytrex.com",
            "nb_services_received": 0,
            "nb_services_given": 0,
            "avg_rating_as_employee": 0,
            "nb_rating_as_employe": 0,
            "avg_rating_as_employer": 0,
            "nb_rating_as_employer": 0,
            "user_bio": "Veniam tempor nostrud excepteur aliquip excepteur ipsum. Minim in voluptate sunt cillum nulla mollit. Do sit do sit aliquip eu dolore commodo et aute ex eu cillum. Sunt enim ut aute veniam ea aute voluptate consectetur et occaecat sit cillum. Deserunt nulla minim duis veniam qui.\r\n",
            "location_lat": 46.792184,
            "location_lon": -71.302298,
            "address": "esse cupidatat aute labore tempor"
        }
    },
    {
        "model": "auth.user",
        "pk": 6,
        "fields": {
            "first_name": "Gomez",
            "last_name": "Buchanan",
            "username": "BucGom",
            "email": "gomezbuchanan@cytrex.com",
            "password": "pbkdf2_sha256$260000$PX4al7g5lLhMuOXpOmTJ5Y$7U+8GL50W7ZKyvjjq+JqITd48jlg0PYGD6rtOwTGhjA=",
            "is_active": true
        }
    },
    {
        "model": "userinfo.userinfo",
        "pk": 6,
        "fields": {
            "user_id": 6,
            "is_online": false,
            "profile_is_completed": true,
            "first_name": "Gomez",
            "last_name": "Buchanan",
            "email": "gomezbuchanan@cytrex.com",
            "nb_services_received": 0,
            "nb_services_given": 0,
            "avg_rating_as_employee": 0,
            "nb_rating_as_employe": 0,
            "avg_rating_as_employer": 0,
            "nb_rating_as_employer": 0,
            "user_bio": "Lorem nulla aute labore officia qui sint id. Nostrud tempor ex incididunt excepteur minim aliqua reprehenderit sint. Nostrud cillum qui tempor labore anim enim quis labore eu culpa cupidatat. Minim proident cillum commodo exercitation culpa dolore enim reprehenderit reprehenderit anim.\r\n",
            "location_lat": 46.786561,
            "location_lon": -71.271728,
            "address": "id minim cupidatat nisi culpa"
        }
    },
    {
        "model": "auth.user",
        "pk": 7,
        "fields": {
            "first_name": "Snyder",
            "last_name": "Workman",
            "username": "WorSny",
            "email": "snyderworkman@cytrex.com",
            "password": "pbkdf2_sha256$260000$PX4al7g5lLhMuOXpOmTJ5Y$7U+8GL50W7ZKyvjjq+JqITd48jlg0PYGD6rtOwTGhjA=",
            "is_active": true
        }
    },
    {
        "model": "userinfo.userinfo",
        "pk": 7,
        "fields": {
            "user_id": 7,
            "is_online": false,
            "profile_is_completed": true,
            "first_name": "Snyder",
            "last_name": "Workman",
            "email": "snyderworkman@cytrex.com",
            "nb_services_received": 0,
            "nb_services_given": 0,
            "avg_rating_as_employee": 0,
            "nb_rating_as_employe": 0,
            "avg_rating_as_employer": 0,
            "nb_rating_as_employer": 0,
            "user_bio": "Sint incididunt adipisicing elit labore Lorem exercitation aute Lorem sint officia exercitation elit. Et voluptate aliquip magna in esse. Do veniam elit culpa nisi. Ullamco exercitation non reprehenderit fugiat nostrud esse aliquip dolor.\r\n",
            "location_lat": 46.790724,
            "location_lon": -71.325091,
            "address": "cupidatat dolore eu irure velit"
        }
    },
    {
        "model": "auth.user",
        "pk": 8,
        "fields": {
            "first_name": "Romero",
            "last_name": "Oconnor",
            "username": "OcoRom",
            "email": "romerooconnor@joviold.com",
            "password": "pbkdf2_sha256$260000$PX4al7g5lLhMuOXpOmTJ5Y$7U+8GL50W7ZKyvjjq+JqITd48jlg0PYGD6rtOwTGhjA=",
            "is_active": true
        }
    },
    {
        "model": "userinfo.userinfo",
        "pk": 8,
        "fields": {
            "user_id": 8,
            "is_online": false,
            "profile_is_completed": true,
            "first_name": "Romero",
            "last_name": "Oconnor",
            "email": "romerooconnor@joviold.com",
            "nb_services_received": 0,
            "nb_services_given": 0,
            "avg_rating_as_employee": 0,
            "nb_rating_as_employe": 0,
            "avg_rating_as_employer": 0,
            "nb_rating_as_employer": 0,
            "user_bio": "Ullamco nulla exercitation exercitation cillum fugiat non fugiat incididunt ex cupidatat deserunt dolore. Sit sint aliquip ut laborum. Excepteur pariatur nulla ut ad esse nulla quis nisi magna ullamco. Et laborum tempor est officia fugiat. Veniam excepteur nulla Lorem laborum deserunt elit elit nulla cillum. Consequat aliqua deserunt non eiusmod id. Veniam commodo cupidatat anim sunt amet quis sit nulla magna pariatur aliqua.\r\n",
            "location_lat": 46.789313,
            "location_lon": -71.28253,
            "address": "exercitation id eu ipsum Lorem"
        }
    },
    {
        "model": "auth.user",
        "pk": 9,
        "fields": {
            "first_name": "Day",
            "last_name": "Doyle",
            "username": "DoyDay",
            "email": "daydoyle@joviold.com",
            "password": "pbkdf2_sha256$260000$PX4al7g5lLhMuOXpOmTJ5Y$7U+8GL50W7ZKyvjjq+JqITd48jlg0PYGD6rtOwTGhjA=",
            "is_active": true
        }
    },
    {
        "model": "userinfo.userinfo",
        "pk": 9,
        "fields": {
            "user_id": 9,
            "is_online": false,
            "profile_is_completed": true,
            "first_name": "Day",
            "last_name": "Doyle",
            "email": "daydoyle@joviold.com",
            "nb_services_received": 0,
            "nb_services_given": 0,
            "avg_rating_as_employee": 0,
            "nb_rating_as_employe": 0,
            "avg_rating_as_employer": 0,
            "nb_rating_as_employer": 0,
            "user_bio": "Est laboris velit nulla ullamco ipsum fugiat ea magna amet ad. Sunt excepteur et proident ullamco dolor deserunt do. Quis enim aute cupidatat fugiat commodo consectetur non aute culpa adipisicing enim. Deserunt ullamco qui sunt laborum dolor adipisicing ipsum ex. Proident ullamco in elit tempor deserunt amet anim ex. Cillum occaecat ex ea est id ad minim et.\r\n",
            "location_lat": 46.796363,
            "location_lon": -71.311901,
            "address": "nostrud aute veniam nulla tempor"
        }
    },
    {
        "model": "auth.user",
        "pk": 10,
        "fields": {
            "first_name": "Butler",
            "last_name": "Meadows",
            "username": "MeaBut",
            "email": "butlermeadows@joviold.com",
            "password": "pbkdf2_sha256$260000$PX4al7g5lLhMuOXpOmTJ5Y$7U+8GL50W7ZKyvjjq+JqITd48jlg0PYGD6rtOwTGhjA=",
            "is_active": true
        }
    },
    {
        "model": "userinfo.userinfo",
        "pk": 10,
        "fields": {
            "user_id": 10,
            "is_online": false,
            "profile_is_completed": true,
            "first_name": "Butler",
            "last_name": "Meadows",
            "email": "butlermeadows@joviold.com",
            "nb_services_received": 0,
            "nb_services_given": 0,
            "avg_rating_as_employee": 0,
            "nb_rating_as_employe": 0,
            "avg_rating_as_employer": 0,
            "nb_rating_as_employer": 0,
            "user_bio": "Excepteur Lorem labore et aute sit. Labore tempor occaecat qui duis ipsum do mollit. Labore eu irure sit amet pariatur excepteur ad anim enim occaecat exercitation ullamco. Nostrud dolor ea tempor culpa in sunt mollit deserunt exercitation exercitation. Incididunt aliquip non irure cillum est veniam aliquip dolor. Commodo dolor aliqua do non Lorem anim ut dolor eu.\r\n",
            "location_lat": 46.785827,
            "location_lon": -71.298744,
            "address": "velit velit reprehenderit sit sit"
        }
    },
    {
        "model": "auth.user",
        "pk": 11,
        "fields": {
            "first_name": "Kent",
            "last_name": "Morin",
            "username": "MorKen",
            "email": "kentmorin@joviold.com",
            "password": "pbkdf2_sha256$260000$PX4al7g5lLhMuOXpOmTJ5Y$7U+8GL50W7ZKyvjjq+JqITd48jlg0PYGD6rtOwTGhjA=",
            "is_active": true
        }
    },
    {
        "model": "userinfo.userinfo",
        "pk": 11,
        "fields": {
            "user_id": 11,
            "is_online": false,
            "profile_is_completed": true,
            "first_name": "Kent",
            "last_name": "Morin",
            "email": "kentmorin@joviold.com",
            "nb_services_received": 0,
            "nb_services_given": 0,
            "avg_rating_as_employee": 0,
            "nb_rating_as_employe": 0,
            "avg_rating_as_employer": 0,
            "nb_rating_as_employer": 0,
            "user_bio": "Ullamco elit enim ut cupidatat eiusmod ullamco officia Lorem proident. Minim non et sit ullamco ipsum sit deserunt et officia enim dolor do voluptate sunt. Incididunt irure incididunt minim in deserunt. Deserunt labore laboris excepteur mollit anim veniam nostrud pariatur officia incididunt elit est. Aliqua veniam aliqua minim dolore velit dolor culpa nulla occaecat do. Incididunt nisi esse adipisicing quis quis eu reprehenderit anim officia voluptate id.\r\n",
            "location_lat": 46.789178,
            "location_lon": -71.312491,
            "address": "cillum ea esse tempor incididunt"
        }
    },
    {
        "model": "auth.user",
        "pk": 12,
        "fields": {
            "first_name": "Levy",
            "last_name": "Hale",
            "username": "HalLev",
            "email": "levyhale@joviold.com",
            "password": "pbkdf2_sha256$260000$PX4al7g5lLhMuOXpOmTJ5Y$7U+8GL50W7ZKyvjjq+JqITd48jlg0PYGD6rtOwTGhjA=",
            "is_active": true
        }
    },
    {
        "model": "userinfo.userinfo",
        "pk": 12,
        "fields": {
            "user_id": 12,
            "is_online": false,
            "profile_is_completed": true,
            "first_name": "Levy",
            "last_name": "Hale",
            "email": "levyhale@joviold.com",
            "nb_services_received": 0,
            "nb_services_given": 0,
            "avg_rating_as_employee": 0,
            "nb_rating_as_employe": 0,
            "avg_rating_as_employer": 0,
            "nb_rating_as_employer": 0,
            "user_bio": "Consectetur consectetur sint sunt ex dolore sit pariatur. Ex officia excepteur non voluptate sunt qui occaecat voluptate. Duis veniam anim incididunt sunt adipisicing non reprehenderit veniam occaecat voluptate laboris ut eiusmod exercitation. Adipisicing ullamco incididunt non dolor excepteur sit enim ut esse.\r\n",
            "location_lat": 46.7855,
            "location_lon": -71.267546,
            "address": "do ex deserunt cupidatat Lorem"
        }
    },
    {
        "model": "auth.user",
        "pk": 13,
        "fields": {
            "first_name": "Barnes",
            "last_name": "Bell",
            "username": "BelBar",
            "email": "barnesbell@joviold.com",
            "password": "pbkdf2_sha256$260000$PX4al7g5lLhMuOXpOmTJ5Y$7U+8GL50W7ZKyvjjq+JqITd48jlg0PYGD6rtOwTGhjA=",
            "is_active": true
        }
    },
    {
        "model": "userinfo.userinfo",
        "pk": 13,
        "fields": {
            "user_id": 13,
            "is_online": false,
            "profile_is_completed": true,
            "first_name": "Barnes",
            "last_name": "Bell",
            "email": "barnesbell@joviold.com",
            "nb_services_received": 0,
            "nb_services_given": 0,
            "avg_rating_as_employee": 0,
            "nb_rating_as_employe": 0,
            "avg_rating_as_employer": 0,
            "nb_rating_as_employer": 0,
            "user_bio": "Voluptate mollit laboris consequat Lorem ipsum cupidatat eu cillum deserunt dolor. Deserunt incididunt eu pariatur irure velit minim eiusmod. Dolore mollit ex minim duis. Culpa ea sint ad consequat magna dolor mollit. Incididunt enim sunt cupidatat incididunt aute. Ea ex reprehenderit enim ad sint aliqua Lorem elit ut enim anim est veniam elit. Et dolor consectetur sit mollit eu.\r\n",
            "location_lat": 46.793524,
            "location_lon": -71.263366,
            "address": "minim nulla aliquip pariatur exercitation"
        }
    },
    {
        "model": "auth.user",
        "pk": 14,
        "fields": {
            "first_name": "Mcdowell",
            "last_name": "Boyle",
            "username": "BoyMcd",
            "email": "mcdowellboyle@joviold.com",
            "password": "pbkdf2_sha256$260000$PX4al7g5lLhMuOXpOmTJ5Y$7U+8GL50W7ZKyvjjq+JqITd48jlg0PYGD6rtOwTGhjA=",
            "is_active": true
        }
    },
    {
        "model": "userinfo.userinfo",
        "pk": 14,
        "fields": {
            "user_id": 14,
            "is_online": false,
            "profile_is_completed": true,
            "first_name": "Mcdowell",
            "last_name": "Boyle",
            "email": "mcdowellboyle@joviold.com",
            "nb_services_received": 0,
            "nb_services_given": 0,
            "avg_rating_as_employee": 0,
            "nb_rating_as_employe": 0,
            "avg_rating_as_employer": 0,
            "nb_rating_as_employer": 0,
            "user_bio": "Duis culpa duis sint ex incididunt aute magna reprehenderit occaecat ad anim anim. Et non consequat mollit mollit consequat ut. Dolore fugiat elit amet reprehenderit et elit commodo minim nostrud consequat proident ullamco. Esse laborum veniam excepteur esse commodo aute commodo officia cupidatat exercitation magna. Anim non officia officia excepteur ipsum anim minim aute quis sunt sit tempor mollit laborum. Officia adipisicing velit magna occaecat.\r\n",
            "location_lat": 46.79526,
            "location_lon": -71.287287,
            "address": "dolor aliqua id in nisi"
        }
    },
    {
        "model": "auth.user",
        "pk": 15,
        "fields": {
            "first_name": "Nguyen",
            "last_name": "Hampton",
            "username": "HamNgu",
            "email": "nguyenhampton@joviold.com",
            "password": "pbkdf2_sha256$260000$PX4al7g5lLhMuOXpOmTJ5Y$7U+8GL50W7ZKyvjjq+JqITd48jlg0PYGD6rtOwTGhjA=",
            "is_active": true
        }
    },
    {
        "model": "userinfo.userinfo",
        "pk": 15,
        "fields": {
            "user_id": 15,
            "is_online": false,
            "profile_is_completed": true,
            "first_name": "Nguyen",
            "last_name": "Hampton",
            "email": "nguyenhampton@joviold.com",
            "nb_services_received": 0,
            "nb_services_given": 0,
            "avg_rating_as_employee": 0,
            "nb_rating_as_employe": 0,
            "avg_rating_as_employer": 0,
            "nb_rating_as_employer": 0,
            "user_bio": "Ad eiusmod officia sint eu ex. Deserunt commodo laborum labore incididunt Lorem laborum. Ut et veniam ipsum sit cillum reprehenderit. Mollit velit aliqua dolore laboris ad mollit incididunt dolor in consequat dolor nulla nulla. Est Lorem sunt ut aliquip.\r\n",
            "location_lat": 46.794513,
            "location_lon": -71.290793,
            "address": "est adipisicing deserunt sit commodo"
        }
    },
    {
        "model": "auth.user",
        "pk": 16,
        "fields": {
            "first_name": "Tammi",
            "last_name": "Miller",
            "username": "MilTam",
            "email": "tammimiller@joviold.com",
            "password": "pbkdf2_sha256$260000$PX4al7g5lLhMuOXpOmTJ5Y$7U+8GL50W7ZKyvjjq+JqITd48jlg0PYGD6rtOwTGhjA=",
            "is_active": true
        }
    },
    {
        "model": "userinfo.userinfo",
        "pk": 16,
        "fields": {
            "user_id": 16,
            "is_online": false,
            "profile_is_completed": true,
            "first_name": "Tammi",
            "last_name": "Miller",
            "email": "tammimiller@joviold.com",
            "nb_services_received": 0,
            "nb_services_given": 0,
            "avg_rating_as_employee": 0,
            "nb_rating_as_employe": 0,
            "avg_rating_as_employer": 0,
            "nb_rating_as_employer": 0,
            "user_bio": "Labore deserunt excepteur dolore ut pariatur. Ad dolore esse qui nulla labore occaecat. Ea consequat non reprehenderit in elit.\r\n",
            "location_lat": 46.787186,
            "location_lon": -71.267701,
            "address": "sit aliqua aliqua aliqua quis"
        }
    },
    {
        "model": "auth.user",
        "pk": 17,
        "fields": {
            "first_name": "Arline",
            "last_name": "Jimenez",
            "username": "JimArl",
            "email": "arlinejimenez@joviold.com",
            "password": "pbkdf2_sha256$260000$PX4al7g5lLhMuOXpOmTJ5Y$7U+8GL50W7ZKyvjjq+JqITd48jlg0PYGD6rtOwTGhjA=",
            "is_active": true
        }
    },
    {
        "model": "userinfo.userinfo",
        "pk": 17,
        "fields": {
            "user_id": 17,
            "is_online": false,
            "profile_is_completed": true,
            "first_name": "Arline",
            "last_name": "Jimenez",
            "email": "arlinejimenez@joviold.com",
            "nb_services_received": 0,
            "nb_services_given": 0,
            "avg_rating_as_employee": 0,
            "nb_rating_as_employe": 0,
            "avg_rating_as_employer": 0,
            "nb_rating_as_employer": 0,
            "user_bio": "Cupidatat deserunt aute in in excepteur. Aliqua consequat voluptate incididunt laboris elit duis deserunt labore qui velit nulla qui elit nostrud. Reprehenderit incididunt id eu eu duis id officia magna dolore laborum et ea anim. Deserunt sint non do eiusmod aute reprehenderit consequat sit consequat consequat. Laboris magna duis laborum cupidatat proident do aliquip aliquip deserunt.\r\n",
            "location_lat": 46.790639,
            "location_lon": -71.285395,
            "address": "irure ea voluptate veniam aliqua"
        }
    },
    {
        "model": "auth.user",
        "pk": 18,
        "fields": {
            "first_name": "Buckner",
            "last_name": "Foreman",
            "username": "ForBuc",
            "email": "bucknerforeman@joviold.com",
            "password": "pbkdf2_sha256$260000$PX4al7g5lLhMuOXpOmTJ5Y$7U+8GL50W7ZKyvjjq+JqITd48jlg0PYGD6rtOwTGhjA=",
            "is_active": true
        }
    },
    {
        "model": "userinfo.userinfo",
        "pk": 18,
        "fields": {
            "user_id": 18,
            "is_online": false,
            "profile_is_completed": true,
            "first_name": "Buckner",
            "last_name": "Foreman",
            "email": "bucknerforeman@joviold.com",
            "nb_services_received": 0,
            "nb_services_given": 0,
            "avg_rating_as_employee": 0,
            "nb_rating_as_employe": 0,
            "avg_rating_as_employer": 0,
            "nb_rating_as_employer": 0,
            "user_bio": "Sit id nostrud est mollit aliquip anim reprehenderit id qui fugiat aute non culpa consequat. Veniam ex fugiat aliquip quis in deserunt Lorem. Nostrud magna ea veniam Lorem ea adipisicing eiusmod. Laborum dolore consectetur et cillum occaecat proident labore excepteur dolore eu incididunt. Esse occaecat eu nulla ipsum cupidatat dolore do minim consequat reprehenderit cupidatat consectetur sunt consequat.\r\n",
            "location_lat": 46.78554,
            "location_lon": -71.278977,
            "address": "consectetur mollit officia adipisicing et"
        }
    },
    {
        "model": "auth.user",
        "pk": 19,
        "fields": {
            "first_name": "Stewart",
            "last_name": "Daniels",
            "username": "DanSte",
            "email": "stewartdaniels@joviold.com",
            "password": "pbkdf2_sha256$260000$PX4al7g5lLhMuOXpOmTJ5Y$7U+8GL50W7ZKyvjjq+JqITd48jlg0PYGD6rtOwTGhjA=",
            "is_active": true
        }
    },
    {
        "model": "userinfo.userinfo",
        "pk": 19,
        "fields": {
            "user_id": 19,
            "is_online": false,
            "profile_is_completed": true,
            "first_name": "Stewart",
            "last_name": "Daniels",
            "email": "stewartdaniels@joviold.com",
            "nb_services_received": 0,
            "nb_services_given": 0,
            "avg_rating_as_employee": 0,
            "nb_rating_as_employe": 0,
            "avg_rating_as_employer": 0,
            "nb_rating_as_employer": 0,
            "user_bio": "Veniam pariatur ad ipsum deserunt cupidatat exercitation id commodo consectetur laboris incididunt. Tempor id aute veniam proident aliquip voluptate consectetur consequat minim nulla id velit reprehenderit. Eu aliqua ad officia tempor culpa sint qui ea sit anim. Cillum tempor labore amet tempor ullamco aliquip in qui ad in mollit adipisicing commodo. Qui labore in dolore elit dolor excepteur reprehenderit nostrud laborum. Exercitation ad eiusmod sunt magna veniam dolore laboris in proident id in duis. Labore quis ullamco labore aliquip ea Lorem ex nulla exercitation fugiat.\r\n",
            "location_lat": 46.790328,
            "location_lon": -71.324617,
            "address": "aliqua commodo sint in minim"
        }
    },
    {
        "model": "auth.user",
        "pk": 20,
        "fields": {
            "first_name": "Cherry",
            "last_name": "Willis",
            "username": "WilChe",
            "email": "cherrywillis@joviold.com",
            "password": "pbkdf2_sha256$260000$PX4al7g5lLhMuOXpOmTJ5Y$7U+8GL50W7ZKyvjjq+JqITd48jlg0PYGD6rtOwTGhjA=",
            "is_active": true
        }
    },
    {
        "model": "userinfo.userinfo",
        "pk": 20,
        "fields": {
            "user_id": 20,
            "is_online": false,
            "profile_is_completed": true,
            "first_name": "Cherry",
            "last_name": "Willis",
            "email": "cherrywillis@joviold.com",
            "nb_services_received": 0,
            "nb_services_given": 0,
            "avg_rating_as_employee": 0,
            "nb_rating_as_employe": 0,
            "avg_rating_as_employer": 0,
            "nb_rating_as_employer": 0,
            "user_bio": "Sint amet enim aliquip adipisicing esse pariatur duis laborum sunt elit amet consequat. Velit aute officia cupidatat ad quis enim mollit ipsum irure amet. Officia in sint qui velit sint id mollit anim non aliqua. Nostrud ea ut minim mollit. Ea dolore consectetur exercitation consectetur adipisicing ea sint consequat magna pariatur fugiat.\r\n",
            "location_lat": 46.78906,
            "location_lon": -71.263141,
            "address": "deserunt incididunt pariatur sint mollit"
        }
    },
    {
        "model": "auth.user",
        "pk": 21,
        "fields": {
            "first_name": "Carissa",
            "last_name": "French",
            "username": "FreCar",
            "email": "carissafrench@joviold.com",
            "password": "pbkdf2_sha256$260000$PX4al7g5lLhMuOXpOmTJ5Y$7U+8GL50W7ZKyvjjq+JqITd48jlg0PYGD6rtOwTGhjA=",
            "is_active": true
        }
    },
    {
        "model": "userinfo.userinfo",
        "pk": 21,
        "fields": {
            "user_id": 21,
            "is_online": false,
            "profile_is_completed": true,
            "first_name": "Carissa",
            "last_name": "French",
            "email": "carissafrench@joviold.com",
            "nb_services_received": 0,
            "nb_services_given": 0,
            "avg_rating_as_employee": 0,
            "nb_rating_as_employe": 0,
            "avg_rating_as_employer": 0,
            "nb_rating_as_employer": 0,
            "user_bio": "Esse deserunt culpa sit qui nisi fugiat occaecat eu consectetur officia eu deserunt. Cupidatat aliquip eiusmod incididunt fugiat eiusmod sunt incididunt nostrud culpa sunt culpa. Voluptate ea non sint sit est. Est non aute labore officia nulla proident amet nostrud laborum in officia aute laboris consequat. Non ad Lorem nostrud cillum laboris. Eiusmod laborum aliqua esse esse adipisicing quis eu nostrud aliquip commodo fugiat dolore qui.\r\n",
            "location_lat": 46.786701,
            "location_lon": -71.280035,
            "address": "quis fugiat proident labore exercitation"
        }
    },
    {
        "model": "auth.user",
        "pk": 22,
        "fields": {
            "first_name": "Blackburn",
            "last_name": "Mills",
            "username": "MilBla",
            "email": "blackburnmills@joviold.com",
            "password": "pbkdf2_sha256$260000$PX4al7g5lLhMuOXpOmTJ5Y$7U+8GL50W7ZKyvjjq+JqITd48jlg0PYGD6rtOwTGhjA=",
            "is_active": true
        }
    },
    {
        "model": "userinfo.userinfo",
        "pk": 22,
        "fields": {
            "user_id": 22,
            "is_online": false,
            "profile_is_completed": true,
            "first_name": "Blackburn",
            "last_name": "Mills",
            "email": "blackburnmills@joviold.com",
            "nb_services_received": 0,
            "nb_services_given": 0,
            "avg_rating_as_employee": 0,
            "nb_rating_as_employe": 0,
            "avg_rating_as_employer": 0,
            "nb_rating_as_employer": 0,
            "user_bio": "Reprehenderit id duis officia fugiat. Tempor mollit incididunt amet id aliqua ullamco pariatur voluptate labore dolor minim cillum minim. Officia sint laborum amet exercitation aute in id mollit do. Nisi voluptate aliquip adipisicing eu Lorem duis magna Lorem deserunt. Aute esse deserunt nulla reprehenderit sit labore duis.\r\n",
            "location_lat": 46.795295,
            "location_lon": -71.306151,
            "address": "consequat ea qui proident nostrud"
        }
    },
    {
        "model": "auth.user",
        "pk": 23,
        "fields": {
            "first_name": "Greene",
            "last_name": "Davenport",
            "username": "DavGre",
            "email": "greenedavenport@joviold.com",
            "password": "pbkdf2_sha256$260000$PX4al7g5lLhMuOXpOmTJ5Y$7U+8GL50W7ZKyvjjq+JqITd48jlg0PYGD6rtOwTGhjA=",
            "is_active": true
        }
    },
    {
        "model": "userinfo.userinfo",
        "pk": 23,
        "fields": {
            "user_id": 23,
            "is_online": false,
            "profile_is_completed": true,
            "first_name": "Greene",
            "last_name": "Davenport",
            "email": "greenedavenport@joviold.com",
            "nb_services_received": 0,
            "nb_services_given": 0,
            "avg_rating_as_employee": 0,
            "nb_rating_as_employe": 0,
            "avg_rating_as_employer": 0,
            "nb_rating_as_employer": 0,
            "user_bio": "Laborum qui voluptate cupidatat minim in qui. Tempor non excepteur sint Lorem consequat nostrud pariatur quis laboris veniam elit. Anim irure amet consectetur velit sit occaecat esse excepteur id cupidatat. Consectetur magna eiusmod occaecat minim officia id dolore duis est cupidatat officia dolor officia sit.\r\n",
            "location_lat": 46.793498,
            "location_lon": -71.270706,
            "address": "irure aute irure ex voluptate"
        }
    },
    {
        "model": "auth.user",
        "pk": 24,
        "fields": {
            "first_name": "Alta",
            "last_name": "Caldwell",
            "username": "CalAlt",
            "email": "altacaldwell@joviold.com",
            "password": "pbkdf2_sha256$260000$PX4al7g5lLhMuOXpOmTJ5Y$7U+8GL50W7ZKyvjjq+JqITd48jlg0PYGD6rtOwTGhjA=",
            "is_active": true
        }
    },
    {
        "model": "userinfo.userinfo",
        "pk": 24,
        "fields": {
            "user_id": 24,
            "is_online": false,
            "profile_is_completed": true,
            "first_name": "Alta",
            "last_name": "Caldwell",
            "email": "altacaldwell@joviold.com",
            "nb_services_received": 0,
            "nb_services_given": 0,
            "avg_rating_as_employee": 0,
            "nb_rating_as_employe": 0,
            "avg_rating_as_employer": 0,
            "nb_rating_as_employer": 0,
            "user_bio": "Ex nostrud adipisicing qui laboris nisi. Labore deserunt irure enim et aute nulla consectetur pariatur et anim officia in irure deserunt. Dolor officia ex proident Lorem dolor consequat ad ipsum aute. Sit non elit irure tempor do eu labore culpa. Fugiat magna in duis aliquip mollit irure non enim culpa cupidatat enim sit.\r\n",
            "location_lat": 46.78973,
            "location_lon": -71.298318,
            "address": "sunt labore cupidatat officia proident"
        }
    },
    {
        "model": "auth.user",
        "pk": 25,
        "fields": {
            "first_name": "Leticia",
            "last_name": "Nash",
            "username": "NasLet",
            "email": "leticianash@joviold.com",
            "password": "pbkdf2_sha256$260000$PX4al7g5lLhMuOXpOmTJ5Y$7U+8GL50W7ZKyvjjq+JqITd48jlg0PYGD6rtOwTGhjA=",
            "is_active": true
        }
    },
    {
        "model": "userinfo.userinfo",
        "pk": 25,
        "fields": {
            "user_id": 25,
            "is_online": false,
            "profile_is_completed": true,
            "first_name": "Leticia",
            "last_name": "Nash",
            "email": "leticianash@joviold.com",
            "nb_services_received": 0,
            "nb_services_given": 0,
            "avg_rating_as_employee": 0,
            "nb_rating_as_employe": 0,
            "avg_rating_as_employer": 0,
            "nb_rating_as_employer": 0,
            "user_bio": "Dolore incididunt dolore magna ad consequat sunt et nulla excepteur anim eu. Non tempor tempor Lorem aliquip sint sit nulla voluptate dolor incididunt occaecat. Proident officia veniam quis minim esse veniam cillum exercitation magna consectetur sit ea excepteur. Non quis et ut ea proident incididunt sit enim qui ad. Commodo irure in ad dolor ipsum. Occaecat aliquip occaecat exercitation proident veniam duis voluptate mollit et. Esse ea laboris deserunt nulla tempor adipisicing aute qui elit fugiat proident ipsum amet in.\r\n",
            "location_lat": 46.786726,
            "location_lon": -71.288387,
            "address": "proident dolore occaecat proident anim"
        }
    },
    {
        "model": "auth.user",
        "pk": 26,
        "fields": {
            "username": "garneau1",
            "first_name": "François",
            "last_name": "Xavier-Garneau",
            "email": "fgx@educegepgarneau.ca",
            "password": "pbkdf2_sha256$260000$PX4al7g5lLhMuOXpOmTJ5Y$7U+8GL50W7ZKyvjjq+JqITd48jlg0PYGD6rtOwTGhjA=",
            "is_active": "True"
        }
    },
    {
        "model": "userinfo.userinfo",
        "pk": 26,
        "fields": {
            "user_id": 26,
            "is_online": false,
            "profile_is_completed": true,
            "first_name": "François",
            "last_name": "Xavier-Garneau",
            "email": "fgx@educegepgarneau.ca",
            "nb_services_received": 45,
            "nb_services_given": 54,
            "avg_rating_as_employee": 4.5,
            "nb_rating_as_employe": 34,
            "avg_rating_as_employer": 3.98,
            "nb_rating_as_employer": 23,
            "user_bio": "Lorem ipsum dolor sit amet, consectetur adipiscing elit, sed do eiusmod tempor incididunt ut labore et dolore magna aliqua",
            "location_lat": 46.71730,
            "location_lon": -71.19104,
            "address": "17 Rue d'Orléans, Sainte-Pétronille, QC"
        }
    },
    {
        "model": "auth.user",
        "pk": 27,
        "fields": {
            "username": "garneau2",
            "first_name": "Guylaine",
            "last_name": "Morin",
            "email": "gmorin@educegepgarneau.ca",
            "password": "pbkdf2_sha256$260000$PX4al7g5lLhMuOXpOmTJ5Y$7U+8GL50W7ZKyvjjq+JqITd48jlg0PYGD6rtOwTGhjA=",
            "is_active": "True"
        }
    },
    {
        "model": "userinfo.userinfo",
        "pk": 27,
        "fields": {
            "user_id": 27,
            "is_online": false,
            "profile_is_completed": true,
            "first_name": "Guylaine",
            "last_name": "Morin",
            "email": "gmorin@educegepgarneau.ca",
            "nb_services_received": 123,
            "nb_services_given": 12,
            "avg_rating_as_employee": 3.86,
            "nb_rating_as_employe": 34,
            "avg_rating_as_employer": 3.98,
            "nb_rating_as_employer": 23,
            "user_bio": "Lorem ipsum dolor sit amet, consectetur adipiscing elit, sed do eiusmod tempor incididunt ut labore et dolore magna aliqua.",
            "location_lat": 46.72757,
            "location_lon": -71.1967,
            "address": "933 Rte Prévost, Saint-Pierre, QC"
        }
    },
    {
        "model": "auth.user",
        "pk": 28,
        "fields": {
            "username": "garneau3",
            "first_name": "Clément",
            "last_name": "Tremblay",
            "email": "ctremblay@educegepgarneau.ca",
            "password": "pbkdf2_sha256$260000$PX4al7g5lLhMuOXpOmTJ5Y$7U+8GL50W7ZKyvjjq+JqITd48jlg0PYGD6rtOwTGhjA=",
            "is_active": "True"
        }
    },
    {
        "model": "userinfo.userinfo",
        "pk": 28,
        "fields": {
            "user_id": 28,
            "is_online": false,
            "profile_is_completed": true,
            "first_name": "Clément",
            "last_name": "Tremblay",
            "email": "ctremblay@educegepgarneau.ca",
            "nb_services_received": 13,
            "nb_services_given": 21,
            "avg_rating_as_employee": 4.56,
            "nb_rating_as_employe": 35,
            "avg_rating_as_employer": 4.98,
            "nb_rating_as_employer": 7,
            "user_bio": "Duis aute irure dolor in reprehenderit in voluptate velit esse cillum dolore eu fugiat nulla pariatur.",
            "location_lat": 46.85776,
            "location_lon": -71.11523,
            "address": "576 Rte des Prêtres, Saint-Pierre, QC"
        }
    },
    {
        "model": "auth.user",
        "pk": 29,
        "fields": {
            "username": "communo_manager",
            "first_name": "communo_manager",
            "last_name": "communo_manager",
            "email": "communostaff@live.ca",
            "password": "pbkdf2_sha256$260000$TD8CwXKbK3ZK827Z4PHna0$FC/2L2g2rCmnXuN5k85JywDaq7/8BEBv11GTqjJ2V68=",
            "is_active": "True",
            "is_superuser": "True",
            "is_staff": "True"
        }
    },
    {
        "model": "userinfo.userinfo",
        "pk": 29,
        "fields": {
            "user_id": 29,
            "profile_is_completed": true,
            "first_name": "communo_manager",
            "last_name": "communo_manager",
            "email": "communostaff@live.ca",
            "nb_services_received": 0,
            "nb_services_given": 0,
            "avg_rating_as_employee": 0,
            "nb_rating_as_employe": 0,
            "avg_rating_as_employer": 0,
            "nb_rating_as_employer": 0,
            "is_online": "False",
            "location_lat": 46.86292,
            "location_lon": -71.1182
        }
    },
    {
        "model": "offer.servicetype",
        "pk": 1,
        "fields": {
            "name": "Gardiennage"
        }
    },
    {
        "model": "offer.servicetype",
        "pk": 2,
        "fields": {
            "name": "Administration"
        }
    },
    {
        "model": "offer.servicetype",
        "pk": 3,
        "fields": {
            "name": "Déneigement"
        }
    },
    {
        "model": "offer.servicetype",
        "pk": 4,
        "fields": {
            "name": "Service de traiteur"
        }
    },
    {
        "model": "offer.servicetype",
        "pk": 5,
        "fields": {
            "name": "Nettoyage de vitres"
        }
    },
    {
        "model": "offer.servicetype",
        "pk": 6,
        "fields": {
            "name": "Service de ménage"
        }
    },
    {
        "model": "offer.servicetype",
        "pk": 7,
        "fields": {
            "name": "Atelier de peinture"
        }
    },
    {
        "model": "offer.servicetype",
        "pk": 8,
        "fields": {
            "name": "Cours de danse en ligne"
        }
    },
    {
        "model": "offer.servicetype",
        "pk": 9,
        "fields": {
            "name": "Initiation à l'harmonica"
        }
    },
    {
        "model": "offer.servicetype",
        "pk": 10,
        "fields": {
            "name": "Tutorat en géographie"
        }
    },
    {
        "model": "offer.servicetype",
        "pk": 11,
        "fields": {
            "name": "Aide aux devoirs"
        }
    },
    {
        "model": "offer.servicetype",
        "pk": 12,
        "fields": {
            "name": "Tutorat en français"
        }
    },
    {
        "model": "offer.servicetype",
        "pk": 13,
        "fields": {
            "name": "Tutorat en anglais"
        }
    },
    {
        "model": "offer.offer",
        "pk": 1,
        "fields": {
            "user": 1,
            "type_service": "Déneigement",
            "description": "Duis et exercitation laboris irure cupidatat velit nulla tempor sint. Exercitation tempor incididunt eiusmod commodo eu.",
            "hourly_rate": 16.36,
            "max_distance": 13,
            "date_added": "2022-12-21",
            "start_date": "2022-12-21",
            "end_date": "2023-01-21",
            "monday": true,
            "tuesday": true,
            "wednesday": true,
            "thursday": true,
            "friday": true,
            "saturday": true,
            "sunday": true
        }
    },
    {
        "model": "offer.offer",
        "pk": 2,
        "fields": {
            "user": 2,
            "type_service": "Service de traiteur",
            "description": "Sint ex ex magna duis nulla ullamco tempor. Veniam culpa nulla veniam sunt incididunt.",
            "hourly_rate": 28.01,
            "max_distance": 11,
            "date_added": "2022-12-27",
            "start_date": "2022-12-27",
            "end_date": "2023-01-27",
            "monday": true,
            "tuesday": true,
            "wednesday": true,
            "thursday": true,
            "friday": true,
            "saturday": true,
            "sunday": true
        }
    },
    {
        "model": "offer.offer",
        "pk": 3,
        "fields": {
            "user": 3,
            "type_service": "Déneigement",
            "description": "Ea est sunt aliqua cillum. Amet incididunt est velit aute amet et fugiat exercitation pariatur occaecat ut dolore.",
            "hourly_rate": 10.17,
            "max_distance": 15,
            "date_added": "2022-11-01",
            "start_date": "2022-11-01",
            "end_date": "2022-12-02",
            "monday": true,
            "tuesday": true,
            "wednesday": true,
            "thursday": true,
            "friday": true,
            "saturday": true,
            "sunday": true
        }
    },
    {
        "model": "offer.offer",
        "pk": 4,
        "fields": {
            "user": 4,
            "type_service": "Gardiennage",
            "description": "Proident cupidatat quis elit velit cillum. Non minim fugiat nostrud pariatur ipsum Lorem.",
            "hourly_rate": 16.55,
            "max_distance": 16,
            "date_added": "2022-04-03",
            "start_date": "2022-04-03",
            "end_date": "2022-05-03",
            "monday": true,
            "tuesday": true,
            "wednesday": true,
            "thursday": true,
            "friday": true,
            "saturday": true,
            "sunday": true
        }
    },
    {
        "model": "offer.offer",
        "pk": 5,
        "fields": {
            "user": 5,
            "type_service": "Déneigement",
            "description": "Voluptate fugiat incididunt irure anim non eiusmod cillum culpa aliqua. Culpa ea magna aute consectetur proident dolore officia.",
            "hourly_rate": 20.32,
            "max_distance": 17,
            "date_added": "2022-08-31",
            "start_date": "2022-08-31",
            "end_date": "2022-10-01",
            "monday": true,
            "tuesday": true,
            "wednesday": true,
            "thursday": true,
            "friday": true,
            "saturday": true,
            "sunday": true
        }
    },
    {
        "model": "offer.offer",
        "pk": 6,
        "fields": {
            "user": 6,
            "type_service": "Administration",
            "description": "Aute mollit adipisicing exercitation elit eu anim voluptate ad commodo. Mollit anim nisi veniam consequat commodo reprehenderit aliquip Lorem excepteur.",
            "hourly_rate": 29.81,
            "max_distance": 20,
            "date_added": "2022-10-27",
            "start_date": "2022-10-27",
            "end_date": "2022-11-27",
            "monday": false,
            "tuesday": false,
            "wednesday": false,
            "thursday": true,
            "friday": false,
            "saturday": false,
            "sunday": false
        }
    },
    {
        "model": "offer.offer",
        "pk": 7,
        "fields": {
            "user": 7,
            "type_service": "Service de traiteur",
            "description": "Cillum dolor dolore cupidatat aliqua id quis cupidatat incididunt ea magna laboris. Eiusmod fugiat ad magna aliqua sunt nostrud esse pariatur officia adipisicing duis eiusmod sunt est.",
            "hourly_rate": 14.46,
            "max_distance": 4,
            "date_added": "2022-08-29",
            "start_date": "2022-08-29",
            "end_date": "2022-09-29",
            "monday": true,
            "tuesday": true,
            "wednesday": true,
            "thursday": true,
            "friday": true,
            "saturday": true,
            "sunday": true
        }
    },
    {
        "model": "offer.offer",
        "pk": 8,
        "fields": {
            "user": 8,
            "type_service": "Initiation à l'harmonica",
            "description": "Laborum esse enim cillum tempor aliqua aliqua exercitation excepteur veniam est exercitation Lorem fugiat. Voluptate ad ullamco deserunt culpa non exercitation cupidatat cillum irure id culpa culpa consequat.",
            "hourly_rate": 24.28,
            "max_distance": 12,
            "date_added": "2022-11-29",
            "start_date": "2022-11-29",
            "end_date": "2022-12-29",
            "monday": true,
            "tuesday": true,
            "wednesday": true,
            "thursday": true,
            "friday": true,
            "saturday": true,
            "sunday": true
        }
    },
    {
        "model": "offer.offer",
        "pk": 9,
        "fields": {
            "user": 9,
            "type_service": "Cours de danse en ligne",
            "description": "Ut labore dolore exercitation proident tempor ea id esse laboris Lorem. Ut nisi aliqua esse consequat aute aliquip officia reprehenderit excepteur.",
            "hourly_rate": 21.82,
            "max_distance": 14,
            "date_added": "2022-11-19",
            "start_date": "2022-11-19",
            "end_date": "2022-12-19",
            "monday": true,
            "tuesday": true,
            "wednesday": true,
            "thursday": true,
            "friday": true,
            "saturday": true,
            "sunday": true
        }
    },
    {
        "model": "offer.offer",
        "pk": 10,
        "fields": {
            "user": 10,
            "type_service": "Service de traiteur",
            "description": "Nostrud laborum eiusmod cupidatat aliquip magna laboris. Cupidatat ut ea proident eiusmod laboris.",
            "hourly_rate": 12.45,
            "max_distance": 5,
            "date_added": "2022-04-12",
            "start_date": "2022-04-12",
            "end_date": "2022-05-12",
            "monday": true,
            "tuesday": true,
            "wednesday": true,
            "thursday": true,
            "friday": true,
            "saturday": true,
            "sunday": true
        }
    },
    {
        "model": "offer.offer",
        "pk": 11,
        "fields": {
            "user": 11,
            "type_service": "Gardiennage",
            "description": "Consectetur irure voluptate minim cupidatat consectetur occaecat ut cillum officia non incididunt culpa enim. In sint ipsum elit adipisicing voluptate sint enim esse esse irure.",
            "hourly_rate": 26.61,
            "max_distance": 7,
            "date_added": "2022-08-03",
            "start_date": "2022-08-03",
            "end_date": "2022-09-03",
            "monday": true,
            "tuesday": true,
            "wednesday": true,
            "thursday": true,
            "friday": true,
            "saturday": true,
            "sunday": true
        }
    },
    {
        "model": "offer.offer",
        "pk": 12,
        "fields": {
            "user": 12,
            "type_service": "Cours de batterie",
            "description": "Pariatur officia ullamco adipisicing occaecat sint Lorem dolor. Sit laboris id dolor tempor in aute.",
            "hourly_rate": 17.62,
            "max_distance": 3,
            "date_added": "2022-12-13",
            "start_date": "2022-12-13",
            "end_date": "2023-01-13",
            "monday": true,
            "tuesday": true,
            "wednesday": true,
            "thursday": true,
            "friday": true,
            "saturday": true,
            "sunday": true
        }
    },
    {
        "model": "offer.offer",
        "pk": 13,
        "fields": {
            "user": 13,
            "type_service": "Administration",
            "description": "Cupidatat occaecat laborum veniam ex ad veniam occaecat incididunt veniam nostrud velit ut cillum nisi. Laboris in nulla ex nulla ex proident nulla mollit nisi.",
            "hourly_rate": 21.05,
            "max_distance": 17,
            "date_added": "2022-10-07",
            "start_date": "2022-10-07",
            "end_date": "2022-11-07",
            "monday": true,
            "tuesday": true,
            "wednesday": true,
            "thursday": true,
            "friday": true,
            "saturday": true,
            "sunday": true
        }
    },
    {
        "model": "offer.offer",
        "pk": 14,
        "fields": {
            "user": 14,
            "type_service": "Cours de guitare",
            "description": "Elit mollit sunt tempor id amet quis nostrud labore velit nostrud laborum. Fugiat culpa esse dolore dolor veniam velit exercitation ex aliqua anim officia labore occaecat.",
            "hourly_rate": 18.59,
            "max_distance": 1,
            "date_added": "2022-09-24",
            "start_date": "2022-09-24",
            "end_date": "2022-10-24",
            "monday": true,
            "tuesday": true,
            "wednesday": true,
            "thursday": true,
            "friday": true,
            "saturday": true,
            "sunday": true
        }
    },
    {
        "model": "offer.offer",
        "pk": 15,
        "fields": {
            "user": 15,
            "type_service": "Service de traiteur",
            "description": "Laboris labore ad consectetur non velit. Et qui tempor aliquip ex.",
            "hourly_rate": 16.57,
            "max_distance": 15,
            "date_added": "2022-02-21",
            "start_date": "2022-02-21",
            "end_date": "2022-03-20",
            "monday": true,
            "tuesday": true,
            "wednesday": true,
            "thursday": true,
            "friday": true,
            "saturday": true,
            "sunday": true
        }
    },
    {
        "model": "offer.offer",
        "pk": 16,
        "fields": {
            "user": 16,
            "type_service": "Administration",
            "description": "Aliquip cupidatat eiusmod sit enim qui aliqua ut sit velit aliqua reprehenderit. Laborum sint anim pariatur aliquip nisi irure ullamco reprehenderit in deserunt sit.",
            "hourly_rate": 15.79,
            "max_distance": 1,
            "date_added": "2022-02-02",
            "start_date": "2022-02-02",
            "end_date": "2022-03-02",
            "monday": true,
            "tuesday": true,
            "wednesday": true,
            "thursday": true,
            "friday": true,
            "saturday": true,
            "sunday": true
        }
    },
    {
        "model": "offer.offer",
        "pk": 17,
        "fields": {
            "user": 17,
            "type_service": "Nettoyage de tapis",
            "description": "Tempor cupidatat esse elit incididunt ex velit proident occaecat dolor officia. Anim deserunt consectetur et nisi aliquip do quis consequat.",
            "hourly_rate": 25.85,
            "max_distance": 1,
            "date_added": "2022-05-20",
            "start_date": "2022-05-20",
            "end_date": "2022-06-20",
            "monday": true,
            "tuesday": true,
            "wednesday": true,
            "thursday": true,
            "friday": true,
            "saturday": true,
            "sunday": true
        }
    },
    {
        "model": "offer.offer",
        "pk": 18,
        "fields": {
            "user": 18,
            "type_service": "Administration",
            "description": "Lorem laborum mollit ut ex id nulla mollit reprehenderit ex Lorem aliqua do. Veniam minim cillum tempor reprehenderit qui minim labore nisi in dolor duis.",
            "hourly_rate": 23.39,
            "max_distance": 12,
            "date_added": "2022-02-16",
            "start_date": "2022-02-16",
            "end_date": "2022-03-15",
            "monday": true,
            "tuesday": true,
            "wednesday": true,
            "thursday": true,
            "friday": true,
            "saturday": true,
            "sunday": true
        }
    },
    {
        "model": "offer.offer",
        "pk": 19,
        "fields": {
            "user": 19,
            "type_service": "Service de traiteur",
            "description": "Lorem non sit ullamco mollit tempor do excepteur tempor pariatur. Lorem dolor mollit anim mollit quis excepteur.",
            "hourly_rate": 20.56,
            "max_distance": 17,
            "date_added": "2022-01-30",
            "start_date": "2022-01-30",
            "end_date": "2022-03-02",
            "monday": true,
            "tuesday": true,
            "wednesday": true,
            "thursday": true,
            "friday": true,
            "saturday": true,
            "sunday": true
        }
    },
    {
        "model": "offer.offer",
        "pk": 20,
        "fields": {
            "user": 20,
            "type_service": "Déneigement",
            "description": "Laborum aliqua Lorem Lorem ipsum enim nostrud duis incididunt sunt nisi nisi ullamco proident. Ipsum qui incididunt excepteur ipsum eiusmod quis aliquip labore.",
            "hourly_rate": 23.33,
            "max_distance": 9,
            "date_added": "2022-06-01",
            "start_date": "2022-06-01",
            "end_date": "2022-07-02",
            "monday": false,
            "tuesday": false,
            "wednesday": false,
            "thursday": false,
            "friday": false,
            "saturday": true,
            "sunday": true
        }
    },
    {
        "model": "offer.offer",
        "pk": 21,
        "fields": {
            "user": 21,
            "type_service": "Initiation à la peinture",
            "description": "Aliquip eu excepteur anim enim culpa excepteur qui ullamco. Proident dolor velit ullamco labore eu cillum aliqua reprehenderit veniam proident id in quis.",
            "hourly_rate": 19.79,
            "max_distance": 20,
            "date_added": "2022-11-29",
            "start_date": "2022-11-29",
            "end_date": "2022-12-29",
            "monday": true,
            "tuesday": true,
            "wednesday": false,
            "thursday": true,
            "friday": false,
            "saturday": true,
            "sunday": true
        }
    },
    {
        "model": "offer.offer",
        "pk": 22,
        "fields": {
            "user": 22,
            "type_service": "Administration",
            "description": "Minim aute quis laborum sunt. Commodo nulla laboris mollit reprehenderit.",
            "hourly_rate": 27.22,
            "max_distance": 11,
            "date_added": "2022-08-15",
            "start_date": "2022-08-15",
            "end_date": "2022-09-15",
            "monday": true,
            "tuesday": true,
            "wednesday": true,
            "thursday": true,
            "friday": true,
            "saturday": false,
            "sunday": false
        }
    },
    {
        "model": "offer.offer",
        "pk": 23,
        "fields": {
            "user": 23,
            "type_service": "Cours de photographie",
            "description": "Adipisicing quis anim consequat aute nisi mollit nisi amet irure anim et qui sunt. Nostrud labore fugiat do elit consequat qui voluptate deserunt exercitation duis.",
            "hourly_rate": 23.06,
            "max_distance": 17,
            "date_added": "2022-06-14",
            "start_date": "2022-06-14",
            "end_date": "2022-07-14",
            "monday": true,
            "tuesday": false,
            "wednesday": false,
            "thursday": false,
            "friday": false,
            "saturday": false,
            "sunday": false
        }
    },
    {
        "model": "offer.offer",
        "pk": 24,
        "fields": {
            "user": 24,
            "type_service": "Gardiennage",
            "description": "Nostrud qui eu ea sit dolor sunt quis consectetur eiusmod. Dolore fugiat dolor laboris aliqua enim sint ex id sunt nulla irure.",
            "hourly_rate": 28.02,
            "max_distance": 12,
            "date_added": "2022-06-13",
            "start_date": "2022-06-13",
            "end_date": "2022-07-13",
            "monday": false,
            "tuesday": true,
            "wednesday": false,
            "thursday": false,
            "friday": false,
            "saturday": false,
            "sunday": false
        }
    },
    {
        "model": "offer.offer",
        "pk": 25,
        "fields": {
            "user": 25,
            "type_service": "Cours de danse classique",
            "description": "Labore adipisicing sint est exercitation nisi tempor pariatur deserunt proident ut reprehenderit. Dolor occaecat in sint anim mollit.",
            "hourly_rate": 16.35,
            "max_distance": 15,
            "date_added": "2022-10-17",
            "start_date": "2022-10-17",
            "end_date": "2022-11-17",
            "monday": false,
            "tuesday": false,
            "wednesday": true,
            "thursday": true,
            "friday": false,
            "saturday": false,
            "sunday": false
        }
    },
    {
        "model": "offer.offer",
        "pk": 26,
        "fields": {
            "user": 26,
            "type_service": "Service de traiteur",
            "description": "Sunt magna aliqua ipsum dolor ut aliqua aute minim. Et cupidatat esse duis occaecat sunt.",
            "hourly_rate": 23.16,
            "max_distance": 2,
            "date_added": "2022-09-21",
            "start_date": "2022-09-21",
            "end_date": "2022-10-21",
            "monday": false,
            "tuesday": false,
            "wednesday": false,
            "thursday": false,
            "friday": true,
            "saturday": false,
            "sunday": false
        }
    },
    {
        "model": "offer.offer",
        "pk": 27,
        "fields": {
            "user": 27,
            "type_service": "Déneigement",
            "description": "Ex ut exercitation ut laboris reprehenderit proident consequat velit id. Esse velit nostrud est aliqua magna pariatur.",
            "hourly_rate": 25.48,
            "max_distance": 3,
            "date_added": "2022-03-01",
            "start_date": "2022-03-01",
            "end_date": "2022-03-28",
            "monday": true,
            "tuesday": false,
            "wednesday": true,
            "thursday": true,
            "friday": true,
            "saturday": false,
            "sunday": true
        }
    },
    {
        "model": "offer.offer",
        "pk": 28,
        "fields": {
            "user": 28,
            "type_service": "Cours de danse médiéval",
            "description": "Ex ut exercitation ut laboris reprehenderit proident consequat velit id. Esse velit nostrud est aliqua magna pariatur.",
            "hourly_rate": 56.48,
            "max_distance": 3,
            "date_added": "2022-03-22",
            "start_date": "2022-03-22",
            "end_date": "2022-04-28",
            "monday": true,
            "tuesday": false,
            "wednesday": true,
            "thursday": true,
            "friday": true,
            "saturday": false,
            "sunday": true
        }
    },
    {
        "model": "offer.activeoffer",
        "pk": 1,
        "fields": {
            "id_user": 1,
            "id_offer": 1
        }
    },
    {
        "model": "offer.activeoffer",
        "pk": 2,
        "fields": {
            "id_user": 2,
            "id_offer": 2
        }
    },
    {
        "model": "offer.activeoffer",
        "pk": 3,
        "fields": {
            "id_user": 3,
            "id_offer": 3
        }
    },
    {
        "model": "offer.activeoffer",
        "pk": 4,
        "fields": {
            "id_user": 4,
            "id_offer": 4
        }
    },
    {
        "model": "offer.activeoffer",
        "pk": 5,
        "fields": {
            "id_user": 5,
            "id_offer": 5
        }
    },
    {
        "model": "offer.activeoffer",
        "pk": 6,
        "fields": {
            "id_user": 6,
            "id_offer": 6
        }
    },
    {
        "model": "offer.activeoffer",
        "pk": 7,
        "fields": {
            "id_user": 7,
            "id_offer": 7
        }
    },
    {
        "model": "offer.activeoffer",
        "pk": 8,
        "fields": {
            "id_user": 8,
            "id_offer": 8
        }
    },
    {
        "model": "offer.activeoffer",
        "pk": 9,
        "fields": {
            "id_user": 9,
            "id_offer": 9
        }
    },
    {
        "model": "offer.activeoffer",
        "pk": 10,
        "fields": {
            "id_user": 10,
            "id_offer": 10
        }
    },
    {
        "model": "offer.activeoffer",
        "pk": 11,
        "fields": {
            "id_user": 11,
            "id_offer": 11
        }
    },
    {
        "model": "offer.activeoffer",
        "pk": 12,
        "fields": {
            "id_user": 12,
            "id_offer": 12
        }
    },
    {
        "model": "offer.activeoffer",
        "pk": 13,
        "fields": {
            "id_user": 13,
            "id_offer": 13
        }
    },
    {
        "model": "offer.activeoffer",
        "pk": 14,
        "fields": {
            "id_user": 14,
            "id_offer": 14
        }
    },
    {
        "model": "offer.activeoffer",
        "pk": 15,
        "fields": {
            "id_user": 15,
            "id_offer": 15
        }
    },
    {
        "model": "offer.activeoffer",
        "pk": 16,
        "fields": {
            "id_user": 16,
            "id_offer": 16
        }
    },
    {
        "model": "offer.activeoffer",
        "pk": 17,
        "fields": {
            "id_user": 17,
            "id_offer": 17
        }
    },
    {
        "model": "offer.activeoffer",
        "pk": 18,
        "fields": {
            "id_user": 18,
            "id_offer": 18
        }
    },
    {
        "model": "offer.activeoffer",
        "pk": 19,
        "fields": {
            "id_user": 19,
            "id_offer": 19
        }
    },
    {
        "model": "offer.activeoffer",
        "pk": 20,
        "fields": {
            "id_user": 20,
            "id_offer": 20
        }
    },
    {
        "model": "offer.activeoffer",
        "pk": 21,
        "fields": {
            "id_user": 21,
            "id_offer": 21
        }
    },
    {
        "model": "offer.activeoffer",
        "pk": 22,
        "fields": {
            "id_user": 22,
            "id_offer": 22
        }
    },
    {
        "model": "offer.activeoffer",
        "pk": 23,
        "fields": {
            "id_user": 23,
            "id_offer": 23
        }
    },
    {
        "model": "offer.activeoffer",
        "pk": 24,
        "fields": {
            "id_user": 24,
            "id_offer": 24
        }
    },
    {
        "model": "offer.activeoffer",
        "pk": 25,
        "fields": {
            "id_user": 25,
            "id_offer": 25
        }
    },
    {
        "model": "offer.activeoffer",
        "pk": 26,
        "fields": {
            "id_user": 26,
            "id_offer": 26
        }
    },
    {
        "model": "offer.activeoffer",
        "pk": 27,
        "fields": {
            "id_user": 27,
            "id_offer": 27
        }
    },
    {
        "model": "offer.activeoffer",
        "pk": 28,
        "fields": {
            "id_user": 28,
            "id_offer": 28
        }
    },
    {
        "model": "offer.reservedoffer",
        "pk": 1,
        "fields": {
            "id_user": 1,
            "id_offer": 1,
            "id_active_offer": 1,
            "id_recruiter": 2,
            "reservation_date": "2023-05-12",
            "hourly_rate": 27.1
        }
    },
    {
        "model": "offer.reservedoffer",
        "pk": 2,
        "fields": {
            "id_user": 2,
            "id_offer": 2,
            "id_active_offer": 2,
            "id_recruiter": 3,
            "reservation_date": "2023-05-12",
            "hourly_rate": 23.68
        }
    },
    {
        "model": "offer.reservedoffer",
        "pk": 3,
        "fields": {
            "id_user": 3,
            "id_offer": 3,
            "id_active_offer": 3,
            "id_recruiter": 4,
            "reservation_date": "2023-05-12",
            "hourly_rate": 25.97
        }
    },
    {
        "model": "offer.reservedoffer",
        "pk": 4,
        "fields": {
            "id_user": 4,
            "id_offer": 4,
            "id_active_offer": 4,
            "id_recruiter": 5,
            "reservation_date": "2023-05-12",
            "hourly_rate": 11.58
        }
    },
    {
        "model": "offer.reservedoffer",
        "pk": 5,
        "fields": {
            "id_user": 5,
            "id_offer": 5,
            "id_active_offer": 5,
            "id_recruiter": 6,
            "reservation_date": "2023-05-12",
            "hourly_rate": 21.98
        }
    },
    {
        "model": "offer.reservedoffer",
        "pk": 6,
        "fields": {
            "id_user": 6,
            "id_offer": 6,
            "id_active_offer": 6,
            "id_recruiter": 7,
            "reservation_date": "2023-05-12",
            "hourly_rate": 25.43
        }
    },
    {
        "model": "offer.reservedoffer",
        "pk": 7,
        "fields": {
            "id_user": 7,
            "id_offer": 7,
            "id_active_offer": 7,
            "id_recruiter": 8,
            "reservation_date": "2023-05-12",
            "hourly_rate": 16.64
        }
    },
    {
        "model": "offer.reservedoffer",
        "pk": 8,
        "fields": {
            "id_user": 8,
            "id_offer": 8,
            "id_active_offer": 8,
            "id_recruiter": 9,
            "reservation_date": "2023-05-12",
            "hourly_rate": 18.82
        }
    },
    {
        "model": "offer.reservedoffer",
        "pk": 9,
        "fields": {
            "id_user": 9,
            "id_offer": 9,
            "id_active_offer": 9,
            "id_recruiter": 10,
            "reservation_date": "2023-05-12",
            "hourly_rate": 13.83
        }
    },
    {
        "model": "offer.reservedoffer",
        "pk": 10,
        "fields": {
            "id_user": 10,
            "id_offer": 10,
            "id_active_offer": 10,
            "id_recruiter": 11,
            "reservation_date": "2023-05-12",
            "hourly_rate": 28.76
        }
    },
    {
        "model": "offer.reservedoffer",
        "pk": 11,
        "fields": {
            "id_user": 11,
            "id_offer": 11,
            "id_active_offer": 11,
            "id_recruiter": 12,
            "reservation_date": "2023-05-12",
            "hourly_rate": 17.38
        }
    },
    {
        "model": "offer.reservedoffer",
        "pk": 12,
        "fields": {
            "id_user": 12,
            "id_offer": 12,
            "id_active_offer": 12,
            "id_recruiter": 13,
            "reservation_date": "2023-05-12",
            "hourly_rate": 20.03
        }
    },
    {
        "model": "offer.reservedoffer",
        "pk": 13,
        "fields": {
            "id_user": 13,
            "id_offer": 13,
            "id_active_offer": 13,
            "id_recruiter": 14,
            "reservation_date": "2023-05-12",
            "hourly_rate": 18.83
        }
    },
    {
        "model": "offer.reservedoffer",
        "pk": 14,
        "fields": {
            "id_user": 14,
            "id_offer": 14,
            "id_active_offer": 14,
            "id_recruiter": 15,
            "reservation_date": "2023-05-12",
            "hourly_rate": 27.13
        }
    },
    {
        "model": "offer.reservedoffer",
        "pk": 15,
        "fields": {
            "id_user": 15,
            "id_offer": 15,
            "id_active_offer": 15,
            "id_recruiter": 16,
            "reservation_date": "2023-05-12",
            "hourly_rate": 24.24
        }
    },
    {
        "model": "offer.reservedoffer",
        "pk": 16,
        "fields": {
            "id_user": 16,
            "id_offer": 16,
            "id_active_offer": 16,
            "id_recruiter": 17,
            "reservation_date": "2023-05-12",
            "hourly_rate": 10.64
        }
    },
    {
        "model": "offer.reservedoffer",
        "pk": 17,
        "fields": {
            "id_user": 17,
            "id_offer": 17,
            "id_active_offer": 17,
            "id_recruiter": 18,
            "reservation_date": "2023-05-12",
            "hourly_rate": 26.28
        }
    },
    {
        "model": "offer.reservedoffer",
        "pk": 18,
        "fields": {
            "id_user": 18,
            "id_offer": 18,
            "id_active_offer": 18,
            "id_recruiter": 19,
            "reservation_date": "2023-05-12",
            "hourly_rate": 18.39
        }
    },
    {
        "model": "offer.reservedoffer",
        "pk": 19,
        "fields": {
            "id_user": 19,
            "id_offer": 19,
            "id_active_offer": 19,
            "id_recruiter": 20,
            "reservation_date": "2023-05-12",
            "hourly_rate": 25.07
        }
    },
    {
        "model": "offer.reservedoffer",
        "pk": 20,
        "fields": {
            "id_user": 20,
            "id_offer": 20,
            "id_active_offer": 20,
            "id_recruiter": 21,
            "reservation_date": "2023-05-12",
            "hourly_rate": 14.52
        }
    },
    {
        "model": "offer.reservedoffer",
        "pk": 21,
        "fields": {
            "id_user": 21,
            "id_offer": 21,
            "id_active_offer": 21,
            "id_recruiter": 22,
            "reservation_date": "2023-05-12",
            "hourly_rate": 21.17
        }
    },
    {
        "model": "offer.reservedoffer",
        "pk": 22,
        "fields": {
            "id_user": 22,
            "id_offer": 22,
            "id_active_offer": 22,
            "id_recruiter": 23,
            "reservation_date": "2023-05-12",
            "hourly_rate": 17.74
        }
    },
    {
        "model": "offer.reservedoffer",
        "pk": 23,
        "fields": {
            "id_user": 23,
            "id_offer": 23,
            "id_active_offer": 23,
            "id_recruiter": 24,
            "reservation_date": "2023-05-12",
            "hourly_rate": 14.23
        }
    },
    {
        "model": "offer.reservedoffer",
        "pk": 24,
        "fields": {
            "id_user": 24,
            "id_offer": 24,
            "id_active_offer": 24,
            "id_recruiter": 25,
            "reservation_date": "2023-05-12",
            "hourly_rate": 16.62
        }
    },
    {
        "model": "offer.reservedoffer",
        "pk": 25,
        "fields": {
            "id_user": 25,
            "id_offer": 25,
            "id_active_offer": 25,
            "id_recruiter": 26,
            "reservation_date": "2023-05-12",
            "hourly_rate": 11.36
        }
    },
    {
        "model": "offer.reservedoffer",
        "pk": 26,
        "fields": {
            "id_user": 26,
            "id_offer": 26,
            "id_active_offer": 26,
            "id_recruiter": 27,
            "reservation_date": "2023-05-12",
            "hourly_rate": 12.58
        }
    },
    {
        "model": "offer.reservedoffer",
        "pk": 27,
        "fields": {
            "id_user": 27,
            "id_offer": 27,
            "id_active_offer": 27,
            "id_recruiter": 28,
            "reservation_date": "2023-05-12",
            "hourly_rate": 16.61
        }
    },
    {
        "model": "offer.reservedoffer",
        "pk": 28,
        "fields": {
            "id_user": 28,
            "id_offer": 28,
            "id_active_offer": 28,
            "id_recruiter": 29,
            "reservation_date": "2023-05-12",
            "hourly_rate": 22.44
        }
    }
]